{
  assertEquals("axax".replace('x','a'),"aaaa");
  assertEquals("aaaa".replace('x','a'),"aaaa");
  for (char from=32; from < 250; ++from) {
    char to=(char)(from + 5);
    assertEquals(toS(to),toS(from).replace(from,to));
  }
  for (char to=32; to < 250; ++to) {
    char from=(char)(to + 5);
    assertEquals(toS(to),toS(from).replace(from,to));
  }
  assertEquals("example xd","example xd".replace('\r',' ').replace('\n',' '));
  assertEquals("dog food","dog\u0120food".replace('\u0120',' '));
  assertEquals("ABABAB","\u1111B\u1111B\u1111B".replace('\u1111','A'));
}
